{
	"IcoMoonType": "selection",
	"icons": [
		{
			"icon": {
				"paths": [
					"M960 832l-249.125-249.125c35.563-58.063 57.125-125.719 57.125-198.875 0-212.031-172-384-384-384-212.031 0-384 171.969-384 384 0 212 171.969 384 384 384 73.156 0 140.812-21.562 198.875-57l249.125 249c17.5 17.5 46.5 17.375 64 0l64-64c17.5-17.5 17.5-46.5 0-64zM384 640c-141.375 0-256-114.625-256-256s114.625-256 256-256 256 114.625 256 256-114.625 256-256 256z"
				],
				"width": 973,
				"attrs": [],
				"isMulticolor": false,
				"tags": [
					"search"
				],
				"defaultCode": 61486,
				"grid": 16
			},
			"attrs": [],
			"properties": {
				"id": 151,
				"order": 16,
				"prevSize": 16,
				"name": "search2"
			},
			"setIdx": 1,
			"setId": 2,
			"iconIdx": 151
		},
		{
			"icon": {
				"paths": [
					"M576 706.612v-52.78c70.498-39.728 128-138.772 128-237.832 0-159.058 0-288-192-288s-192 128.942-192 288c0 99.060 57.502 198.104 128 237.832v52.78c-217.102 17.748-384 124.42-384 253.388h896c0-128.968-166.898-235.64-384-253.388z"
				],
				"attrs": [],
				"tags": [
					"user",
					"profile",
					"avatar",
					"person",
					"member"
				],
				"defaultCode": 57733,
				"grid": 16
			},
			"attrs": [],
			"properties": {
				"order": 19,
				"id": 1628,
				"prevSize": 16,
				"code": 59761,
				"ligatures": "user, profile2",
				"name": "user"
			},
			"setIdx": 2,
			"setId": 0,
			"iconIdx": 113
		}
	],
	"height": 1024,
	"preferences": {
		"showGlyphs": true,
		"showQuickUse": true,
		"showQuickUse2": true,
		"showSVGs": true,
		"fontPref": {
			"prefix": "icon-",
			"metadata": {
				"fontFamily": "icomoon",
				"majorVersion": 1,
				"minorVersion": 0
			},
			"metrics": {
				"emSize": 1024,
				"baseline": 6.25,
				"whitespace": 50
			},
			"autoHost": false,
			"cssVars": false,
			"showSelector": false,
			"showMetrics": false,
			"showMetadata": false,
			"showVersion": false,
			"resetPoint": 58880,
			"ligaReset": "tags"
		},
		"imagePref": {
			"prefix": "icon-",
			"png": true,
			"useClassSelector": true,
			"color": 16777215,
			"bgColor": 16777215,
			"classSelector": ".icon",
			"height": 20,
			"overrideSize": true,
			"columns": 16,
			"margin": 16
		},
		"historySize": 100,
		"showCodes": true,
		"quickUsageToken": {
			"UntitledProject": "MThmZjg3ODkzZDllZjRlOGNkYTQyMDQ5ZTU2NTNkMzUjMSMxNDM2NTU3MTUyIyMj"
		},
		"fontHostingName": false,
		"showLiga": true
	}
}